geoTitle,cornuName,geoTitleOther,lat,lon,cornuRegion,geoProv,geoFinalReg
حمام ابن عمر,حمام إبن عمر,حمام إبن عمر,32.39084,44.34773,Iraq,العراق,الکوفة
الجامعين,الجامعان,الجامعين,32.48152,44.43704,Iraq,العراق,الکوفة
النيل,النيل,النيل,32.511,44.89011,Iraq,العراق,الکوفة
عين التمر,عين التمر,عين التمر,32.62337,43.52574,Iraq,العراق,الکوفة
بيان,بيان,بيان,30.46468,48.03005,Iraq,العراق,البصرة
دبا,دبا,دبا,25.59071,56.22657,Jazirat al-Arab,العراق,البصرة
ابو الخصيب,أبو الخصيب,أبو الخصيب,30.43759,47.99265,Iraq,العراق,البصرة
عبادان,عبادان,عبادان,30.33563,48.27394,Iraq,العراق,البصرة
فم الصلح,فم الصلح,فم الصلح,32.46405,46.1315,Iraq,العراق,واسط
باذبين,باذبين,باذبين,32.17087,46.59233,Iraq,العراق,واسط
الطيب,الطيب,الطيب,32.22674,47.30428,Iraq,العراق,واسط
النهروان,النهروان,النهروان,33.43161,44.59405,Iraq,العراق,بغداد
بردان,بردان,بردان,33.50829,44.36092,Iraq,العراق,بغداد
طراستان,الهاروني,طرستان,33.97686,45.01502,Iraq,العراق,بغداد
خانقين,خانقين,خانقين,34.34844,45.44708,Iraq,العراق,حلوان
السيروان,السيروان,السيروان/ الشيراوان,33.52303,46.86539,Jibal,العراق,حلوان
الدور,الدور,الدور,34.46814,43.80541,Iraq,العراق,سامرا
الدور,الدورق,الدورق/ السراق,30.81069,48.92625,Khuzistan,العراق,سامرا
الدور,الدورق,الدورق/ السراق,30.81069,48.92625,Khuzistan,العراق,سامرا
الجامعين,الجامعان,الجامعين,32.48152,44.43704,Iraq,العراق,سامرا
دمما,دمما,دمما,33.33483,43.78276,Iraq,العراق,سامرا
الأنبار,الأنبار,الأنبار,33.39492,43.7015,Iraq,العراق,سامرا
الأنبار,الأنبار,الأنبار,36.20578,65.94751,Khurasan,العراق,سامرا
هيت,هيت,هيت,33.6437,42.80628,Iraq,العراق,سامرا
السن,السن,السن,35.26076,43.46591,Iraq,العراق,سامرا
ساوة,ساوة,ساوة,34.97799,50.42711,Jibal,الجبال,الري
قزوين,قزوين,قزوين,36.27854,50.0011,Jibal,الجبال,الري
أبهر,أبهر,أبهر,36.15722,49.23473,Jibal,الجبال,الري
شلنبة,شلنبة,شلنبة,35.68449,52.04723,Daylam,الجبال,الري
الخوار,الخوار,الخوار,35.26209,52.40859,Daylam,الجبال,الري
رامن,رامن,رامن,34.25819,48.65585,Jibal,الجبال,همذان
روذراور,رذراور,رذراور,34.62225,48.39263,Jibal,الجبال,همذان
اليهودية,إصبهان,اليهودية,32.66855,51.65,Jibal,الجبال,أصفهان
اليهودية,اليهودية,اليهودية/ جكوذان,35.9347,64.83857,Khurasan,الجبال,أصفهان
برقة,برقة,برقة,32.37576,20.84475,Barqa,المغرب,برقة
برقة,برقة,برقة,32.37576,20.84475,Barqa,المغرب,برقة
ذات الحمام,ذات الحمام,ذات الحمام/ ذات الحمام,30.86496,29.30208,Barqa,المغرب,برقة
رمادة,رمادة,رمادة,31.02336,27.61485,Barqa,المغرب,برقة
أطرابلس,أطرابلس,أطرابلس/ طرابلس,32.87801,13.19209,Barqa,المغرب,برقة
أطرابلس,أطرابلس,أطرابلس/ طرابلس,34.44044,35.85194,Sham,المغرب,برقة
أجدابية,أجدابية,أجدابية,30.46697,20.20218,Barqa,المغرب,برقة
صبرة,صبرة,صبرة,32.78822,12.48146,Barqa,المغرب,برقة
قابس,قابس,قابس,33.86603,10.08563,Barqa,المغرب,برقة
غافق,غافق,غافق,38.68214,-5.01064,Andalus,المغرب,برقة
تاهرت,تاهرت,تاهرت,35.36971,1.36504,Maghrib,المغرب,تاهرت
تاهرت,تاهرت,تاهرت,35.36971,1.36504,Maghrib,المغرب,تاهرت
الجعبة,الجبة,الجبة/ المحنة,31.84948,40.18305,Badiyat al-Arab,المغرب,تاهرت
منداس,منداس,منداس,35.67814,0.8273,Maghrib,المغرب,تاهرت
مطماطة,مطماطة,مطماطة,34.11636,-4.53948,Maghrib,المغرب,تاهرت
مطماطة,مطماطة,مطماطة,35.9541,1.90701,Maghrib,المغرب,تاهرت
وهران,وهران,وهران,35.70565,-0.61866,Maghrib,المغرب,تاهرت
الغزة,الغزة,الغزة,36.11161,1.09406,Maghrib,المغرب,تاهرت
البطحة,البطائح,البطيحة,31.98716,45.29796,Iraq,المغرب,تاهرت
البطحة,البطحة,البطحة,35.78297,0.60289,Maghrib,المغرب,تاهرت
الزيتونة,الزيتونة,الزيتونة/ عين زيتونة/ بئر زيتونة,34.35352,10.10538,Maghrib,المغرب,تاهرت
تنس,تنس,تنس,36.49038,1.37563,Maghrib,المغرب,تاهرت
قصر الفلوس,فالوسن,قصر الفلوس,35.03281,-1.75553,Maghrib,المغرب,تاهرت
فكان,فكان,فكان/ أفكان,35.21592,0.05881,Maghrib,المغرب,تاهرت
سجلماسة,سجلماسة,سجلماسة,31.27819,-4.23723,Maghrib,المغرب,سجلماسة
سجلماسة,سجلماسة,سجلماسة,31.27819,-4.23723,Maghrib,المغرب,سجلماسة
النحاسين,النحاسين,النحاسين,31.13962,-5.84677,Maghrib,المغرب,سجلماسة
وليلة,وليلة,وليلة,34.09883,-5.60437,Maghrib,المغرب,طنجة
غزة,غزة,غزة,35.06747,-1.92701,Maghrib,المغرب,طنجة
غزة,غزة,غزة,31.49664,34.45664,Sham,المغرب,طنجة
الحاجر,حجر صالح,الحجر,26.86125,37.93999,Jazirat al-Arab,المغرب,طنجة
الحاجر,الحاجر,الحاجر,25.9691,41.75129,Jazirat al-Arab,المغرب,طنجة
الحاجر,الحجر,الحجر,24.64352,46.73212,Jazirat al-Arab,المغرب,طنجة
البيضاء,البيضاء,البيضاء,41.83632,0.57785,Andalus,المغرب,طنجة
البيضاء,البيضاء,البيضاء/ نسا,30.03958,52.36712,Faris,المغرب,طنجة
البيضاء,البيضاء,البيضاء,26.79044,37.01435,Jazirat al-Arab,المغرب,طنجة
مقرة,مقرة,مقرة/ مقرة,18.06095,32.46943,Egypt,المغرب,الزاب
مقرة,مقرة,مقرة,35.54259,5.0297,Maghrib,المغرب,الزاب
طبنة,طبنة,طبنة,35.32395,5.35573,Maghrib,المغرب,الزاب
بسكرة,بسكرة,بسكرة,34.84755,5.72622,Maghrib,المغرب,الزاب
بادس,بادس,بادس,34.76281,6.65773,Maghrib,المغرب,الزاب
تهوذا,تهوذا,تهوذا,34.79932,5.82783,Maghrib,المغرب,الزاب
طولقا,طولقا,طولقا,34.69495,5.38113,Maghrib,المغرب,الزاب
ميلا,ميلا,ميلا,36.42482,6.2883,Maghrib,المغرب,الزاب
بنطيوس,بنطيوس,بنطيوس,34.67928,5.60554,Maghrib,المغرب,الزاب
فاس,فاس,فاس,34.06727,-5.02852,Maghrib,المغرب,فاس
البصرة,البصرة,البصرة,30.40147,47.71735,Iraq,المغرب,فاس
صنهاجة,صنهاجة,صنهاجة,35.29674,-5.52392,Maghrib,المغرب,فاس
هوارة,هوارة,هوارة,35.55078,0.442,Maghrib,المغرب,فاس
تيزا,تيزا,تيزا/ تازة,34.22102,-4.02927,Maghrib,المغرب,فاس
مطماطة,مطماطة,مطماطة,34.11636,-4.53948,Maghrib,المغرب,فاس
مطماطة,مطماطة,مطماطة,35.9541,1.90701,Maghrib,المغرب,فاس
كزناية,كزناية,كزناية,34.66535,-3.92129,Maghrib,المغرب,فاس
سلا,سلا,سلا,34.04753,-6.79416,Maghrib,المغرب,فاس
بلد غمار,بلد غمار,بلد غمار,35.19603,-4.70461,Maghrib,المغرب,فاس
قلعة النسور,هجر النصر,قلعة النسور,35.22154,-3.90859,Maghrib,المغرب,فاس
نكور,هجر النصر,نكور,35.22154,-3.90859,Maghrib,المغرب,فاس
تابريدا,تابريدا,تابريدا,34.32074,-3.30734,Maghrib,المغرب,فاس
مكناسة,مكناسة,مكناسة,33.91455,-5.56626,Maghrib,المغرب,فاس
مكسين,ميكسين,ميكسين/ ميكسين/ ماكسين,35.74173,40.75934,Aqur,المغرب,فاس
قسطيلية,قسطيلية,قسطيلية,33.88951,8.27517,Maghrib,المغرب,فاس
نفزاوة,نفزاوة,نفزاوة,33.61536,9.28396,Maghrib,المغرب,فاس
نقاوس,نقاوس,نقاوس,35.58177,5.70399,Maghrib,المغرب,فاس
بسكرة,بسكرة,بسكرة,34.84755,5.72622,Maghrib,المغرب,فاس
قبيشة,قبيشة,قبيشة,34.83148,10.68123,Maghrib,المغرب,فاس
وليلة,وليلة,وليلة,34.09883,-5.60437,Maghrib,المغرب,طنجة
غزة,غزة,غزة,35.06747,-1.92701,Maghrib,المغرب,طنجة
غزة,غزة,غزة,31.49664,34.45664,Sham,المغرب,طنجة
الحاجر,حجر صالح,الحجر,26.86125,37.93999,Jazirat al-Arab,المغرب,طنجة
الحاجر,الحاجر,الحاجر,25.9691,41.75129,Jazirat al-Arab,المغرب,طنجة
الحاجر,الحجر,الحجر,24.64352,46.73212,Jazirat al-Arab,المغرب,طنجة
البيضاء,البيضاء,البيضاء,41.83632,0.57785,Andalus,المغرب,طنجة
البيضاء,البيضاء,البيضاء/ نسا,30.03958,52.36712,Faris,المغرب,طنجة
البيضاء,البيضاء,البيضاء,26.79044,37.01435,Jazirat al-Arab,المغرب,طنجة
أرجان,أراجان,أراجان,30.6103,50.29766,Faris,فارس,أرجان
أرجان,أرجمان,أرجمان,31.1799,52.62743,Faris,فارس,أرجان
أرجان,آباذة,أرجمان,31.1643,52.66127,Faris,فارس,أرجان
قوستان,قوهستان,قوهستان,33.77051,59.44592,Khurasan,فارس,أرجان
داريان,داريان,داريان,29.54062,52.92548,Faris,فارس,أرجان
داريان,دارين,دارين,26.28437,50.19373,Jazirat al-Arab,فارس,أرجان
داريان,داريا,داريا,33.46544,36.23184,Sham,فارس,أرجان
مهربان,مهروبان,مهروبان,30.06436,50.21436,Faris,فارس,أرجان
جنابة,جنابة,جنابة,29.60089,50.53898,Faris,فارس,أرجان
سينيز,سينيز,سينيز/ شينيز,29.92283,50.27838,Faris,فارس,أرجان
هندوان,هندوان,هندوان/ هنديجان,30.25118,49.70675,Faris,فارس,أرجان
هندوان,هندوجان,هندوجان/ هنديجان,29.39151,51.30074,Faris,فارس,أرجان
سيراف,سيراف,سيراف,27.69666,52.34306,Faris,فارس,أردشيرخره
جور,جور,جور/ بيروزاباذ,28.84797,52.58324,Faris,فارس,أردشيرخره
ميمند,ميمند,ميمند,28.88488,52.85141,Faris,فارس,أردشيرخره
نابند,نابند,نابند,27.34352,52.64171,Faris,فارس,أردشيرخره
نابند,نابند,نابند,32.33053,57.58788,Mafaza,فارس,أردشيرخره
الصيمكان,الصيمكان,الصيمكان,28.69941,53.13182,Faris,فارس,أردشيرخره
خبر,خبر,خبر,28.76436,53.27732,Faris,فارس,أردشيرخره
خبر,خبر,خبر,28.85863,56.31341,Kirman,فارس,أردشيرخره
خورستان,خورستان,خورستان/ سروستان,29.25713,53.20589,Faris,فارس,أردشيرخره
خورستان,خورستان,خورستان,29.95166,54.09036,Faris,فارس,أردشيرخره
الغندجان,الغندجان,الغندجان,29.22327,51.26065,Faris,فارس,أردشيرخره
كران,كران,كران,27.76342,52.86193,Faris,فارس,أردشيرخره
نجيرم,نجيرم,نجيرم,28.49687,51.12283,Faris,فارس,أردشيرخره
سورو,سورو,سورو,27.19067,56.21348,Faris,فارس,أردشيرخره
درابجرد,درابجرد,درابجرد,28.75143,54.54591,Faris,فارس,درابجرد
طبستان,طبرستان,طبرستان,36.34732,52.60329,Daylam,فارس,درابجرد
طبستان,طبستان,طبستان/ طمستان/ طمارستان,28.94971,53.81699,Faris,فارس,درابجرد
كرم,كرم,كرم,29.07233,53.608,Faris,فارس,درابجرد
يزدخواست,يزدخواست,يزدخواست,28.33754,54.43137,Faris,فارس,درابجرد
كدروا,كدروا,كدروا,29.16368,54.67346,Faris,فارس,درابجرد
خيار,خيار,خيار/ خير/ خيرة,29.25944,53.93868,Faris,فارس,نيريز
المريزجان,المريزجان,المريزجان,28.80847,54.39753,Faris,فارس,نيريز
الماذوان,الماذون,الماذون,28.72175,54.29861,Faris,فارس,نيريز
روبنج,روبنج,روبنج,28.5161,54.40794,Faris,فارس,خسو
فرج,فرج,فرج,28.31921,55.16805,Faris,فارس,خسو
تارم,تارم,تارم/ تارم,28.18163,55.80841,Faris,فارس,خسو
شيراز,شيراز,شيراز,29.61884,52.52867,Faris,فارس,شيراز
البيضاء,البيضاء,البيضاء,41.83632,0.57785,Andalus,فارس,شيراز
البيضاء,البيضاء,البيضاء/ نسا,30.03958,52.36712,Faris,فارس,شيراز
البيضاء,البيضاء,البيضاء,26.79044,37.01435,Jazirat al-Arab,فارس,شيراز
فسا,فسا,فسا,28.92193,53.63181,Faris,فارس,شيراز
جور,جور,جور/ بيروزاباذ,28.84797,52.58324,Faris,فارس,شيراز
كارزين,كارزن,كارزن,28.40599,53.11293,Faris,فارس,شيراز
دشت بارين,دشت بارين,دشت بارين,29.28011,51.26816,Faris,فارس,شيراز
دشت بارين,دشت برين,دشت برين,28.40625,56.1416,Kirman,فارس,شيراز
جم,جم,جم,27.8168,52.39133,Faris,فارس,شيراز
كورد,كورد,كورد/ كورد,30.69092,51.9324,Faris,فارس,شيراز
هزار,هزار,هزار/ أزار سابور,29.94029,52.49428,Faris,فارس,شيراز
شهرستان,شهرستان,شهرستان/ جرجان,37.19091,55.206,Daylam,فارس,سابور
شهرستان,شهرستان,شهرستان/ سابور,29.83157,51.51624,Faris,فارس,سابور
شهرستان,سابور,شهرستان,29.83157,51.51624,Faris,فارس,سابور
دريز,دريز,دريز,29.66188,51.54129,Faris,فارس,سابور
كازرون,كازرون,كازرون,29.60743,51.68412,Faris,فارس,سابور
كاريان,كاريان,كاريان,28.05935,53.70323,Faris,فارس,سابور
توز,توز,توز/ توج !,29.44172,51.03513,Faris,فارس,سابور
توز,توز,توز/ توج !,29.42208,51.17294,Faris,فارس,سابور
توز,توز,توز,26.71435,42.29198,Jazirat al-Arab,فارس,سابور
خشت,خشت,خشت,29.54859,51.30575,Faris,فارس,سابور
خشت,خشت,خشت/ خست/ خاست/ خوشت,34.34906,63.94658,Khurasan,فارس,سابور
خشت,خاش,خشت,41.02958,70.53285,Transoxiana,فارس,سابور
هراة,هراة,هراة,30.11392,54.41315,Faris,فارس,إصطخر
هراة,هراة,هراة,34.33419,62.15235,Khurasan,فارس,إصطخر
هراة,هراة,هراة,34.33419,62.15235,Khurasan,فارس,إصطخر
ميبذ,ميبذ,ميبذ,32.27744,53.98932,Faris,فارس,إصطخر
الحيرة,الحيرة,الحيرة,32.01734,44.37232,Iraq,فارس,إصطخر
فاروق,فاروق,فاروق,29.97467,53.06569,Faris,فارس,إصطخر
سروستان,سرويستان,سرويستان/ سرورير,31.42233,52.43219,Faris,فارس,إصطخر
سروستان,خورستان,سروستان,29.25713,53.20589,Faris,فارس,إصطخر
سروستان,سرويستان,سرويستان,29.27422,57.89378,Kirman,فارس,إصطخر
أورد,أورد,أورد,30.77818,51.99227,Faris,فارس,إصطخر
الرون,الرون,الرون,30.7491,52.44,Faris,فارس,إصطخر
الرون,قصر أعين,الرون,30.82066,52.44521,Faris,فارس,إصطخر
ده أشتران,ده أشتران,ده أشتران/ قرية الجمال,30.31412,55.70689,Faris,فارس,إصطخر
صاهه,صاهه,صاهه,36.10597,60.18929,Khurasan,فارس,إصطخر
شبابك,شابابك,شابابك/ شاباوك/ شهرباباك,30.13418,55.05872,Faris,فارس,إصطخر
حلب,حلب,حلب,36.19828,37.17518,Sham,الشام,قنسرين
أنطاكية,أنطاكية,أنطاكية,36.19718,36.18418,Sham,الشام,قنسرين
بالس,بالس,بالس,36.02806,38.09005,Sham,الشام,قنسرين
بالس,بالش,بالس,29.64265,67.65738,Sijistan,الشام,قنسرين
السويدية,السويداء,السويدية,25.04884,39.03019,Jazirat al-Arab,الشام,قنسرين
السويدية,السويدية,السويدية,36.0896,35.99387,Sham,الشام,قنسرين
سميساط,سميساط,سميساط,37.54334,38.54365,Aqur,الشام,قنسرين
منبج,منبج,منبج,36.54651,37.98957,Aqur,الشام,قنسرين
قنسرين,قنسرين,قنسرين,35.99617,37.02701,Sham,الشام,قنسرين
مرعش,مرعش,مرعش,37.58314,36.92987,Aqur,الشام,قنسرين
إسكندرونة,إسكندرونة,إسكندرونة/ إسكندريية,36.57473,36.19234,Sham,الشام,قنسرين
رفنية,رفنية,رفنية,34.93133,36.41054,Sham,الشام,قنسرين
جوسية,جوسية,جوسية,34.44699,36.56409,Sham,الشام,قنسرين
حماة,حماة,حماة,35.12587,36.76872,Sham,الشام,قنسرين
شيزر,شيزر,شيزر,35.25585,36.55938,Sham,الشام,قنسرين
معرة النعمان,معرة النعمان,معرة النعمان,35.64344,36.69124,Sham,الشام,قنسرين
معرة قنسرين,معرة قنسرين,معرة قنسرين,36.01376,36.69667,Sham,الشام,قنسرين
حمص,حمص,حمص,34.73793,36.72425,Sham,الشام,حمص
سلمية,سلمية,سلمية,35.00401,37.07106,Sham,الشام,حمص
تدمر,تدمر,تدمر,34.54735,38.28754,Sham,الشام,حمص
الخناصرة,الخناصرة,الخناصرة,35.78031,37.50551,Sham,الشام,حمص
كفرطاب,كفرطاب,كفرطاب,35.50744,36.61239,Sham,الشام,حمص
اللاذقية,اللاذقية,اللاذقية,35.51961,35.80763,Sham,الشام,حمص
جبلة,جبلة,جبلة,35.36567,35.95309,Sham,الشام,حمص
أنطرسوس,طرسوس,أنطرسوس,36.90807,34.95529,Sham,الشام,حمص
أنطرسوس,أنطرطوس,أنطرسوس,34.89985,35.90356,Sham,الشام,حمص
بلنياس,بلنياس,بلنياس,35.18256,35.97212,Sham,الشام,حمص
دمشق,دمشق,دمشق,33.51843,36.30199,Sham,الشام,دمشق
بانياس,بانياس,بانياس,33.2515,35.67787,Sham,الشام,دمشق
بيروت,بيروت,بيروت,32.06082,47.90375,Khuzistan,الشام,دمشق
بيروت,بيروت,بيروت,33.90162,35.5091,Sham,الشام,دمشق
أطرابلس,أطرابلس,أطرابلس/ طرابلس,32.87801,13.19209,Barqa,الشام,دمشق
أطرابلس,أطرابلس,أطرابلس/ طرابلس,34.44044,35.85194,Sham,الشام,دمشق
عرقة,عرقة,عرقة,38.36373,37.96251,Aqur,الشام,دمشق
عرقة,عرقة,عرقة,34.52991,36.073,Sham,الشام,دمشق
عرقة,عرقة,عرقة,17.31174,43.71306,Yemen,الشام,دمشق
بعلبك,بعلبك,بعلبك,34.01251,36.19213,Sham,الشام,البقاع
عرجموش,عرجموش,عرجموش,33.86315,35.89165,Sham,الشام,البقاع
الرملة,الرملة,الرملة,31.92484,34.86436,Sham,الشام,فلسطين
الرملة,الرمل,الرمل,40.13581,63.16025,Transoxiana,الشام,فلسطين
بيت المقدس,بيت المقدس,بيت المقدس/ القدس/ إيليا,31.77768,35.20345,Sham,الشام,فلسطين
بيت جبريل,بيت جبريل,بيت جبريل/ بيت جبرين,31.60564,34.88059,Sham,الشام,فلسطين
غزة,غزة,غزة,35.06747,-1.92701,Maghrib,الشام,فلسطين
غزة,غزة,غزة,31.49664,34.45664,Sham,الشام,فلسطين
ميماس,ميماس,ميماس,31.50145,34.42276,Sham,الشام,فلسطين
عسقلان,عسقلان,عسقلان,31.66572,34.55455,Sham,الشام,فلسطين
أرسوف,أرسوف,أرسوف,32.19588,34.80739,Sham,الشام,فلسطين
قيسارية,قيسرية,قيسرية,32.49326,34.89906,Sham,الشام,فلسطين
نابلس,نابلس,نابلس,32.22047,35.24238,Sham,الشام,فلسطين
أريحا,رحا,أريحا,31.86043,35.43774,Sham,الشام,فلسطين
عمان,عمان,عمان,23.82088,56.45284,Jazirat al-Arab,الشام,فلسطين
عمان,عمان,عمان,31.93113,35.91903,Sham,الشام,فلسطين
صغر,صغر,صغر/ زغر,31.03706,35.46845,Sham,الشام,الشراة
مآب,مآب,مآب/ مؤاب,31.2579,35.73272,Sham,الشام,الشراة
معان,معان,معان/ معان,30.19664,35.72442,Sham,الشام,الشراة
تبوك,تبوك,تبوك,28.37114,36.5062,Badiyat al-Arab,الشام,الشراة
الفرما,الفرما,الفرما,31.02282,32.59811,Egypt,مصر,الجفار
البقارة,البقارة,البقارة,31.02385,33.12566,Egypt,مصر,الجفار
البقارة,البارة,البارة,35.6843,36.54442,Sham,مصر,الجفار
العريش,العريش,العريش,31.12453,33.80807,Egypt,مصر,الجفار
العريش,العرش,العرش,16.96745,42.82787,Yemen,مصر,الجفار
بلبيس,بلبيس,بلبيس,30.41776,31.57097,Egypt,مصر,الحوف
مشتول,مشتول,مشتول,30.36522,31.37174,Egypt,مصر,الحوف
جرجير,جرجير,جرجير,30.91373,32.19454,Egypt,مصر,الحوف
فاقوس,فاقوس,فاقوس,30.71061,31.79581,Egypt,مصر,الحوف
غيفا,غيفا,غيفا,30.38241,31.51348,Egypt,مصر,الحوف
تونة,تونة,تونة,31.16442,32.0824,Egypt,مصر,الحوف
القلزم,القلزم,القلزم,30.02822,32.55684,Egypt,مصر,الحوف
العباسية,العباسية,العباسية,30.53647,31.70644,Egypt,مصر,الريف
شبرو,شبروا,شبرو,30.11048,31.24225,Egypt,مصر,الريف
منهور,دمنهور,دمنهور,31.03855,30.45872,Egypt,مصر,الريف
سنهور,سنهور,سنهور,31.16283,30.70832,Egypt,مصر,الريف
بنها العسل,بنها العسل,بنها العسل,30.43641,31.16142,Egypt,مصر,الريف
شطنوف,شطنوف,شطنوف,30.23314,31.06351,Egypt,مصر,الريف
مليج,مليج,مليج,30.58083,31.01342,Egypt,مصر,الريف
المحلة الكبيرة,محلة الكبيرة,محلة الكبيرة,30.97329,31.14662,Egypt,مصر,الريف
دميرة,دميرة,دميرة/ دميرة,31.1414,31.3504,Egypt,مصر,الريف
دقهلة,دقهلة,دقهلة,31.28355,31.66289,Egypt,مصر,الريف
العزيزية,منف,العزيزية,29.85447,31.25648,Egypt,مصر,مقدونية
الجيزة,الجيزة,الجيزة,30.00653,31.20183,Egypt,مصر,مقدونية
عين شمس,عين شمس,عين شمس,30.12919,31.3077,Egypt,مصر,مقدونية
أسوان,أسوان,أسوان,24.10701,32.98286,Egypt,مصر,الصعيد
حلوان,حلوان,حلوان,29.86015,31.29831,Egypt,مصر,الصعيد
حلوان,حلوان,حلوان,34.47862,45.93468,Iraq,مصر,الصعيد
حلوان,حلوان,حلوان,33.94771,56.22435,Mafaza,مصر,الصعيد
قوص,قوص,قوص,25.91848,32.74342,Egypt,مصر,الصعيد
بلينا,بلينا,بلينا,26.21922,31.9959,Egypt,مصر,الصعيد
بوصير,بوصير,بوصير/ بوصير الفيوم/ أبوصير/ بوصير قوريدس/ بوصير الأشمونين,29.27633,31.10677,Egypt,مصر,الصعيد
الفيوم,الفيوم,الفيوم,29.43447,30.69978,Egypt,مصر,الصعيد
الفيوم,الفيوم,الفيوم,29.35921,30.84266,Egypt,مصر,الصعيد
سمسطا,سمسطا,سمسطا,28.96006,30.88762,Egypt,مصر,الصعيد
تندة,تندة,تندة,27.76484,30.7011,Egypt,مصر,الصعيد
طحا,طحا,طحا,28.27313,30.69125,Egypt,مصر,الصعيد
الموصل,الموصل,الموصل,36.32809,43.127,Aqur,أقور,ديار ربيعة
الحديثة,الحديثة,الحديثة,34.10682,42.38707,Aqur,أقور,ديار ربيعة
الحديثة,الحديثة,الحديثة,36.02054,43.39249,Aqur,أقور,ديار ربيعة
الحسنية,الحسنية,الحسنية,37.11078,42.72248,Aqur,أقور,ديار ربيعة
سنجار,سنجار,سنجار,36.32446,41.89101,Aqur,أقور,ديار ربيعة
الجبال,الجبال,الجبال/ عين الجبال,36.2374,41.62102,Aqur,أقور,ديار ربيعة
الجبال,الجبال,الجبال,30.26155,35.32238,Sham,أقور,ديار ربيعة
بلد,بلد,بلد,36.47417,42.758,Aqur,أقور,ديار ربيعة
أذرمة,أذرمة,أذرمة,36.99109,41.72002,Aqur,أقور,ديار ربيعة
برقعيد,برقعيد,برقعيد,36.95274,42.07551,Aqur,أقور,ديار ربيعة
نصيبين,نصيبين,نصيبين,37.05514,41.22167,Aqur,أقور,ديار ربيعة
دارا,دارا,دارا,37.18527,40.94689,Aqur,أقور,ديار ربيعة
ثمانين,ثمانين,ثمانين,37.31295,42.64158,Aqur,أقور,ديار ربيعة
الرقة,الرقة,الرقة,35.9493,39.05128,Aqur,أقور,ديار مضر
الرافقة,الرافقة,الرافقة,35.94235,39.07703,Aqur,أقور,ديار مضر
الرافقة,الرافقة,الرافقة,30.6947,30.73593,Egypt,أقور,ديار مضر
تل محرى,تل محرٰى,تل محرٰى/ تل بحرٰى,36.61998,39.13855,Aqur,أقور,ديار مضر
باجروان,باجروان,باجروان,36.13571,38.98556,Aqur,أقور,ديار مضر
باجروان,باجروان,باجروان/ موقان/ موغكان,39.2256,48.12475,Rihab,أقور,ديار مضر
حصن مسلمة,حصن مسلمة,حصن مسلمة,36.38728,39.07106,Aqur,أقور,ديار مضر
حران,حران,حران,36.88438,39.08906,Aqur,أقور,ديار مضر
الرها,الرها,الرها,37.1497,38.82122,Aqur,أقور,ديار مضر
آمد,آمد,آمد,37.9151,40.21323,Aqur,أقور,ديار بکر
ميافارقين,ميافارقين,ميافارقين,38.14322,41.00798,Aqur,أقور,ديار بکر
تل فافان,تل فافان,تل فافان/ عين تل فافان,37.72559,41.78238,Aqur,أقور,ديار بکر
الفار,الجفار,الجفار,30.75519,33.23727,Egypt,أقور,ديار بکر
الدامغان,الدمغان,الدمغان,36.13093,54.37503,Daylam,الديلم,قومس
سمنان,سمنان,سمنان,35.49513,53.40856,Daylam,الديلم,قومس
سمنان,سمنجان,سمنجان,36.22585,68.09011,Khurasan,الديلم,قومس
بسطام,بسطام,بسطام,36.45952,55.07205,Daylam,الديلم,قومس
بيار,بيار,بيار,36.05824,55.86992,Daylam,الديلم,قومس
مغون,مغون,مغون,27.97676,57.7882,Kirman,الديلم,قومس
شهرستان,شهرستان,شهرستان/ جرجان,37.19091,55.206,Daylam,الديلم,جرجان
شهرستان,شهرستان,شهرستان/ سابور,29.83157,51.51624,Faris,الديلم,جرجان
شهرستان,سابور,شهرستان,29.83157,51.51624,Faris,الديلم,جرجان
آبسكون,آبسكون,آبسكون,37.02772,54.04327,Daylam,الديلم,جرجان
ألهم,ألهم,ألهم,36.56405,52.23414,Daylam,الديلم,جرجان
آخر,آخر,آخر,39.19825,55.71277,Daylam,الديلم,جرجان
الرباط,الرباط,الرباط,29.12318,53.44663,Faris,الديلم,جرجان
آمل,آمل,آمل,36.42256,52.40859,Daylam,الديلم,طبرستان
آمل,آمل,آمل,39.06795,63.51255,Khurasan,الديلم,طبرستان
سالوس,شالوس,سالوس,36.60408,51.45535,Daylam,الديلم,طبرستان
ميلة,ميلة,ميلة,36.4708,52.55267,Daylam,الديلم,طبرستان
ما مطير,مامطير,مامطير,36.51713,52.74659,Daylam,الديلم,طبرستان
سارية,سارية,سارية,36.53215,53.11807,Rihab,الديلم,طبرستان
طميسة,طميشة,طميسة,36.7312,54.05573,Daylam,الديلم,طبرستان
ممطير,مامطير,مامطير,36.51713,52.74659,Daylam,الديلم,طبرستان
نامية,نامية,نامية,36.77488,54.32519,Daylam,الديلم,طبرستان
بروان,بروان,بروان,37.57057,48.55981,Daylam,الديلم,الديلمان
بروان,بروان,بروان/ فروان,35.17084,69.25887,Khurasan,الديلم,الديلمان
بروان,جبروان,جبروان,36.96475,45.60275,Rihab,الديلم,الديلمان
تارم,تارم,تارم/ تارم,28.18163,55.80841,Faris,الديلم,الديلمان
خشم,خشم,خشم,37.48626,49.18674,Daylam,الديلم,الديلمان
إتل,إتل,إتل/ أتل,46.2788,48.0869,Khazar,الديلم,الخزر
بلغار,بلغار,بلغار,54.1546,48.40369,Khazar,الديلم,الخزر
بلغار,بلغار,بلغار,54.86714,49.25044,Khazar,الديلم,الخزر
سمندر,سمندر,سمندر,42.90467,47.51198,Khazar,الديلم,الخزر
سوار,سوار,سوار,54.45304,49.96347,Khazar,الديلم,الخزر
بلنجر,بلنجر,بلنجر,43.28166,46.42082,Khazar,الديلم,الخزر
البيضاء,البيضاء,البيضاء,41.83632,0.57785,Andalus,الديلم,الخزر
البيضاء,البيضاء,البيضاء/ نسا,30.03958,52.36712,Faris,الديلم,الخزر
البيضاء,البيضاء,البيضاء,26.79044,37.01435,Jazirat al-Arab,الديلم,الخزر
أغمات ويلا,أيلان,أغمات أيلا,31.49952,-7.6971,Maghrib,خوزستان,السوس
وريكة,وريكة,وريكة/ أغمات وريكة,31.44535,-7.6357,Maghrib,خوزستان,السوس
ماسة,ماسة,ماسة,30.0645,-9.6481,Maghrib,خوزستان,السوس
نهر تيري,نهر تيرا,نهر تيرين,31.4679,48.3809,Khuzistan,خوزستان,الأهواز
سوق الأربعاء,سوق الأربعاء,سوق الأربعاء,30.94139,48.5239,Khuzistan,خوزستان,الأهواز
باسيان,بارسيان,بارسيان,35.29415,48.71891,Jibal,خوزستان,الأهواز
باسيان,باسيان,باسيان,30.65916,48.77033,Khuzistan,خوزستان,الأهواز
شوراب,شوراب,شوراب,31.20731,48.79726,Khuzistan,خوزستان,الأهواز
بندم,مندم,بندم,31.02269,48.881,Khuzistan,خوزستان,الأهواز
الدورق,الدور,الدور,34.46814,43.80541,Iraq,خوزستان,الأهواز
الدورق,الدورق,الدورق/ السراق,30.81069,48.92625,Khuzistan,خوزستان,الأهواز
الدورق,الدورق,الدورق/ السراق,30.81069,48.92625,Khuzistan,خوزستان,الأهواز
إيذج,إيذج,إيذج,31.85548,49.87086,Khuzistan,خوزستان,رامهرمز
تيرم,تيرم,تيرم,31.39156,49.82612,Khuzistan,خوزستان,رامهرمز
بازنك,بازير,بازنك,31.6409,49.89265,Khuzistan,خوزستان,رامهرمز
غروة,غروة,غروة/ عروة,31.54027,49.89724,Khuzistan,خوزستان,رامهرمز
أجم,أزم,أجم,31.24752,49.04158,Khuzistan,خوزستان,الدورق
الدز,الدز,الدز/ دزفول,32.38975,48.42219,Khuzistan,خوزستان,الدورق
الدز,الدز,الدز/ قنطرة أندامش,32.9865,48.45021,Khuzistan,خوزستان,الدورق
الدز,رستجرد,الدز,31.71801,50.29984,Khuzistan,خوزستان,الدورق
برذعة,برذعة,برذعة,40.45334,47.23624,Rihab,الرحاب,الران
تفليس,تفليس,تفليس,42.0841,44.83734,Rihab,الرحاب,الران
القلعة,القلعة,القلعة,22.68969,57.66352,Jazirat al-Arab,الرحاب,الران
خنان,خنان,خنان,41.39027,45.50578,Rihab,الرحاب,الران
شمكور,شمكور,شمكور,40.99521,46.06157,Rihab,الرحاب,الران
جنزة,جنزة,جنزة/ جنجة,40.81356,46.38603,Rihab,الرحاب,الران
برديج,برداج,برديج,40.23581,47.56971,Rihab,الرحاب,الران
الشماخية,الشماخية,الشماخية,40.67871,48.68505,Rihab,الرحاب,الران
شروان,شروان,شروان/ شروان,41.11585,48.75339,Rihab,الرحاب,الران
شروان,شروان,شروان/ شروان,41.11585,48.75339,Rihab,الرحاب,الران
شروان,سروان,شروان,31.97709,64.84747,Sijistan,الرحاب,الران
باكوه,باكوه,باكوه,40.379,49.86422,Rihab,الرحاب,الران
باب الأبواب,باب الأبواب,باب الأبواب,42.04308,48.30854,Rihab,الرحاب,الران
قبلة,قبلة,قبلة,40.79878,47.65158,Rihab,الرحاب,الران
ملازكرد,ملازكرد,ملازكرد/ ملازجرد/ منازجرد,39.1437,42.55713,Aqur,الرحاب,الران
دبيل,دبيل,دبيل,40.16468,44.68562,Rihab,الرحاب,أرمينية
بدليس,بدليس,بدليس/ بدليس,38.3955,42.13266,Aqur,الرحاب,أرمينية
خلاط,أخلاط,خلاط,38.76551,42.51044,Rihab,الرحاب,أرمينية
أرجيش,أرجيش,أرجيش,39.0223,43.35895,Rihab,الرحاب,أرمينية
سلماس,سلماس,سلماس,38.22277,44.82832,Rihab,الرحاب,أرمينية
أرمية,أرمنية,أرمنية,39.47331,44.11256,Rihab,الرحاب,أرمينية
أرمية,أرميية,أرميية,37.52011,45.07411,Rihab,الرحاب,أرمينية
داخرقان,دارقان,دارقان,33.44757,48.7573,Jibal,الرحاب,أرمينية
داخرقان,داخرقان,داخرقان/ خرقان,37.72041,45.98591,Rihab,الرحاب,أرمينية
مراغة,مراغة,مراغة,37.34276,46.24758,Rihab,الرحاب,أرمينية
أهر,أهر,أهر,38.45223,47.14386,Rihab,الرحاب,أرمينية
مرند,مرند,مرند,38.46017,45.80321,Rihab,الرحاب,أرمينية
سنجان,سنكان,سنجان,35.05003,59.41155,Khurasan,الرحاب,أرمينية
سنجان,سمنجان,سمنجان,36.22585,68.09011,Khurasan,الرحاب,أرمينية
قاليقلا,قاليقلا,قاليقلا,39.91956,41.27233,Rihab,الرحاب,أرمينية
أردبيل,أردبيل,أردبيل,38.23604,48.30651,Rihab,الرحاب,أذربيجان
تبريز,تبريز,تبريز,38.06387,46.33121,Rihab,الرحاب,أذربيجان
جابروان,جبروان,جبروان,36.96475,45.60275,Rihab,الرحاب,أذربيجان
خونج,خونج,خونج,37.38856,47.2569,Rihab,الرحاب,أذربيجان
الميانج,الميانج,الميانج/ الميانج,37.40341,47.74052,Rihab,الرحاب,أذربيجان
ورثان,ورثان,ورثان,39.56659,47.64257,Rihab,الرحاب,أذربيجان
موقان,منوقان,منوقان/ منوجان,27.45601,57.56194,Kirman,الرحاب,أذربيجان
موقان,باجروان,موقان,39.2256,48.12475,Rihab,الرحاب,أذربيجان
موقان,موغان,موقان,39.33548,48.50179,Rihab,الرحاب,أذربيجان
موقان,موغان,موقان,39.33548,48.50179,Rihab,الرحاب,أذربيجان
ميمذ,ميمذ,ميمذ/ ميمذ,38.5498,47.02219,Rihab,الرحاب,أذربيجان
برزند,برزند,برزند,38.96621,47.85286,Rihab,الرحاب,أذربيجان
بنجبور,بنجبور,بنجبور/ فنجبور/ بنزبور/ قنزبور,26.92662,64.11916,Sind,السند,مكران
كيج,كيج,كيج/ كيز,26.02584,63.09359,Sind,السند,مكران
بربور,بربور,بربور,27.25778,60.41989,Sind,السند,مكران
خواش,خواش,خواش/ خواش/ أخواش,31.49499,62.76028,Sijistan,السند,مكران
خواش,خواش,خواش/ خواص,27.79777,61.88374,Sind,السند,مكران
جالك,جالق,جالك,27.64173,62.64811,Sind,السند,مكران
دزك,دزك,دزك,27.36457,62.26752,Sind,السند,مكران
دشت علي,دشت علي,دشت علي,25.58676,61.15124,Sind,السند,مكران
التيز,التيز,التيز,25.38207,60.63196,Sind,السند,مكران
قندبيل,قندابيل,قندابيل,28.62665,67.48191,Sind,السند,طوران
رستاكهن,رستاكهن,رستاكهن,26.57497,66.40105,Sind,السند,طوران
المنصورة,المنصورة,المنصورة,25.8651,68.87697,Sind,السند,السند
قنوج,قنوج,قنوج,27.11654,80.03921,Sind,السند,قنوج
قنوج,قنوج,قنوج,27.11654,80.03921,Sind,السند,قنوج
وجين,وجين,وجين,23.20809,75.78308,Sind,السند,قنوج
الملتان,المولتان,المولتان,30.17568,71.40071,Sind,السند,الملتان
مكة,مكة,مكة,21.39132,39.83612,Jazirat al-Arab,جزيرة العرب,الحجاز
يثرب,المدينة,يثرب,24.47782,39.60908,Jazirat al-Arab,جزيرة العرب,الحجاز
ينبع,ينبع,ينبع,24.1082,38.12512,Jazirat al-Arab,جزيرة العرب,الحجاز
قرح,قرح,قرح,26.55412,37.99288,Jazirat al-Arab,جزيرة العرب,الحجاز
خيبر,خيبر,خيبر,25.78667,39.26821,Jazirat al-Arab,جزيرة العرب,الحجاز
المروة,المروة,المروة/ ذو المروة,25.71785,38.58647,Jazirat al-Arab,جزيرة العرب,الحجاز
الحوراء,الحوراء,الحوراء,25.0302,37.33759,Jazirat al-Arab,جزيرة العرب,الحجاز
جدة,جدة,جدة,21.46201,39.1779,Jazirat al-Arab,جزيرة العرب,الحجاز
الطائف,الطائف,الطائف,21.21629,40.40566,Jazirat al-Arab,جزيرة العرب,الحجاز
الجار,الجفار,الجفار,30.75519,33.23727,Egypt,جزيرة العرب,الحجاز
الجار,الجار,الجار,23.8182,38.50713,Jazirat al-Arab,جزيرة العرب,الحجاز
السقيا,سقياء يزيد,السقياء,26.15916,38.35433,Jazirat al-Arab,جزيرة العرب,الحجاز
العونيد,العونيد,العونيد,31.64055,36.92899,Badiyat al-Arab,جزيرة العرب,الحجاز
العونيد,العونيد,العونيد,27.00533,35.99173,Jazirat al-Arab,جزيرة العرب,الحجاز
الجحفة,الجحفة,الجحفة,22.60833,39.12422,Jazirat al-Arab,جزيرة العرب,الحجاز
بدر,بدر,بدر,23.72676,38.80098,Jazirat al-Arab,جزيرة العرب,الحجاز
بدر,بدر,بدر,13.87387,44.72906,Yemen,جزيرة العرب,الحجاز
خليص,خليص,خليص,22.10557,39.41808,Jazirat al-Arab,جزيرة العرب,الحجاز
الحجر,حجر صالح,الحجر,26.86125,37.93999,Jazirat al-Arab,جزيرة العرب,الحجاز
الحجر,الحاجر,الحاجر,25.9691,41.75129,Jazirat al-Arab,جزيرة العرب,الحجاز
الحجر,الحجر,الحجر,24.64352,46.73212,Jazirat al-Arab,جزيرة العرب,الحجاز
بدا يعقوب,بداء يعقوب,بداء يعقوب,27.03413,36.74694,Jazirat al-Arab,جزيرة العرب,الحجاز
السوارقية,السوارقية,السوارقية,23.28483,40.35548,Jazirat al-Arab,جزيرة العرب,الحجاز
جبلة,جبلة,جبلة,35.36567,35.95309,Sham,جزيرة العرب,الحجاز
زبيد,زبيد,زبيد,14.20796,43.32654,Yemen,جزيرة العرب,تهامه
مور,مور,مور,15.73119,42.89942,Yemen,جزيرة العرب,تهامه
عطنة,عطنة,عطنة,14.82308,42.94507,Yemen,جزيرة العرب,تهامه
الشرجة,الشرجة,الشرجة,16.32481,42.80636,Yemen,جزيرة العرب,تهامه
الحمضة,الحمة,الحمة,34.0563,8.19472,Maghrib,جزيرة العرب,تهامه
غلافقة,غلافقة,غلافقة,14.44273,43.03243,Yemen,جزيرة العرب,تهامه
مخا,مخا,مخا,13.32902,43.26069,Yemen,جزيرة العرب,تهامه
الحردة,الحردة,الحردة,15.22479,42.73173,Yemen,جزيرة العرب,تهامه
الحردة,الحردة,الحردة,15.22479,42.73173,Yemen,جزيرة العرب,تهامه
الخصوف,الخصوف,الخصوف,16.67647,42.88142,Yemen,جزيرة العرب,تهامه
الساعد,الساعدة,الساعدة,32.13274,37.98572,Badiyat al-Arab,جزيرة العرب,تهامه
المهجم,المهجم,المهجم,15.22352,43.07237,Yemen,جزيرة العرب,تهامه
عدن,عدن,عدن,12.79365,45.03942,Yemen,جزيرة العرب,أبين
لهج,لحج,لهج,13.06747,44.86953,Yemen,جزيرة العرب,أبين
بيش,بيش,بيش,17.37689,42.53617,Yemen,جزيرة العرب,عثر
السرين,السرين,السرين,19.83698,40.76268,Jazirat al-Arab,جزيرة العرب,عثر
صنعاء,صنعاء,صنعاء,15.37373,44.20186,Yemen,جزيرة العرب,نجد
صعدة,صعدة,صعدة,16.9453,43.76442,Yemen,جزيرة العرب,نجد
نجران,نجران,نجران,17.58603,44.2995,Jazirat al-Arab,جزيرة العرب,نجد
جرش,جرش,جرش,18.77618,42.44873,Jazirat al-Arab,جزيرة العرب,نجد
جرش,جرش,جرش,18.63711,42.69682,Jazirat al-Arab,جزيرة العرب,نجد
جرش,جرش,جرش,32.27309,35.8804,Sham,جزيرة العرب,نجد
العرف,العرف,العرف,15.09101,44.27297,Yemen,جزيرة العرب,نجد
جبلان,جبلان,جبلان,14.2788,43.67157,Yemen,جزيرة العرب,نجد
جبلان,جبلان,جبلان,14.2788,43.67157,Yemen,جزيرة العرب,نجد
الجند,الجند,الجند,13.69225,44.17508,Yemen,جزيرة العرب,نجد
الجند,الجند,الجند,13.69225,44.17508,Yemen,جزيرة العرب,نجد
ذمار,ذمار,ذمار,14.56364,44.3972,Yemen,جزيرة العرب,نجد
ذمار,ذمار,ذمار,14.56364,44.3972,Yemen,جزيرة العرب,نجد
نسفان,نسفان,نسفان,14.02916,44.8432,Yemen,جزيرة العرب,نجد
يحصب,يحصب,يحصب,14.21583,44.41651,Yemen,جزيرة العرب,نجد
السحول,السحول,السحول,14.1937,44.03504,Yemen,جزيرة العرب,نجد
المذيخرة,المذيخرة,المذيخرة,13.78649,43.97403,Yemen,جزيرة العرب,نجد
حضرموت,حضرموت,حضرموت,15.64792,48.80405,Jazirat al-Arab,جزيرة العرب,الأحقاف
الشحر,الشحر,الشحر,14.76671,49.5998,Jazirat al-Arab,جزيرة العرب,مهرة
صحار,صحار,صحار,24.35205,56.69086,Jazirat al-Arab,جزيرة العرب,عمان
نزوة,نزوة,نزوة,22.86309,57.52541,Jazirat al-Arab,جزيرة العرب,عمان
السر,السر,السر,23.0552,56.82897,Jazirat al-Arab,جزيرة العرب,عمان
ضنك,ضنك,ضنك,23.53023,56.30591,Jazirat al-Arab,جزيرة العرب,عمان
حفيت,حفيت,حفيت,23.89613,55.85631,Jazirat al-Arab,جزيرة العرب,عمان
دبا,دبا,دبا,25.59071,56.22657,Jazirat al-Arab,جزيرة العرب,عمان
جلفار,جلفار,جلفار,25.75227,55.98855,Jazirat al-Arab,جزيرة العرب,عمان
سمد,سمد,سمد,22.71138,57.96619,Jazirat al-Arab,جزيرة العرب,عمان
ملح,ملح,ملح,22.61105,58.11018,Jazirat al-Arab,جزيرة العرب,عمان
الأحساء,الأحساء,الأحساء,25.34929,49.54137,Jazirat al-Arab,جزيرة العرب,هجر
الزرقاء,الزرقاء,الزرقاء,32.07029,36.08689,Sham,جزيرة العرب,هجر
أوال,أوال,أوال,26.11827,50.56693,Jazirat al-Arab,جزيرة العرب,هجر
أوال,أوال,أوال,40.4358,71.74749,Transoxiana,جزيرة العرب,هجر
العقير,العقير,العقير,25.5589,50.22312,Jazirat al-Arab,جزيرة العرب,هجر
